t,S,X,P
0,33.01775148,0.24852071,0
16.97216882,27.21893491,2.946745562,0.49704142
40.65364083,22.36686391,3.337278107,1.171597633
63.556969,16.92307692,3.301775148,2.165680473
81.32011461,13.49112426,3.337278107,2.733727811
150.0090997,6.153846154,2.307692308,5.076923077
156.318248,33.96449704,3.337278107,5.076923077
174.5037146,32.07100592,3.514792899,6.49704142
197.0418868,28.87573964,2.449704142,8.378698225
220.3348702,26.86390533,2.272189349,9.230769231
242.8310436,24.37869822,1.952662722,9.834319527
