Biomass (g/L),,Citric Acid (g/L),,Mannitol (g/L),,Glycerol (g/L),
X,Y,X,Y,X,Y,X,Y
0.008166427118140973,0.2485207100591733,0,0,0,0,0,33.01775147928994
17.05266645511732,2.9467455621301806,16.972168816381384,0.4970414201183466,17.394489761633658,1.3491124260355054,17.35015772870662,27.218934911242606
40.72480540570809,3.3372781065088777,40.65364082653574,1.1715976331360967,41.15062624829671,4.295857988165682,40.61514195583595,22.36686390532545
63.59430123383047,3.3017751479289963,63.556968995576135,2.165680473372783,63.70513131614806,6.674556213017754,63.48580441640378,16.923076923076927
81.33994736154406,3.3372781065088777,81.32011460997145,2.7337278106508904,81.47994325499786,7.597633136094677,81.62460567823344,13.491124260355036
149.52378063576805,2.30769230769231,150.0090997330745,5.07692307692308,150.12809624251022,8.69822485207101,149.8422712933754,6.15384615384616
156.26108300823176,3.3372781065088777,156.31824799805872,5.07692307692308,156.83506617139233,8.804733727810653,156.15141955835963,33.96449704142012
174.01139566572715,3.5147928994082864,174.5037145577063,6.497041420118347,174.59354525600583,9.230769230769234,174.29022082018923,32.071005917159766
196.84705915293154,2.4497041420118357,197.0418867713214,8.378698224852075,197.0780523771303,9.479289940828405,196.7665615141956,28.87573964497042
220.10621021783362,2.2721893491124288,220.33487017714145,9.230769230769234,220.3453698691505,9.550295857988168,220.03154574132492,26.86390532544379
242.57205121983088,1.9526627218934927,242.83104362272036,9.834319526627223,242.82171056315678,9.550295857988168,242.50788643533122,24.378698224852073
